product_title,product_vendor,product_type,net_items_sold,gross_sales,discounts,returns,net_sales,taxes,total_sales
Dwellings of Eldervale 2nd Edition: Standard,Breaking Games,Game,129,13098.69,-420.04,-189.98,12488.67,834.89,13323.56
Dwellings of Eldervale - LEGENDARY Upgrade Kit,Breaking Games,Game,175,12528.21,-385.1,-272.96,11870.15,643.9,12514.05
Dwellings of Eldervale - DELUXE Upgrade Kit,Breaking Games,Game,89,4894.11,-115.51,0.0,4778.6,236.21,5014.81
We're Doomed!,Breaking Games,Game,104,3745.0,-56.01,-105.0,3583.99,226.48,3810.47
Dwellings of Eldervale - Wooden Upgrade Treasure and Trove Tokens,Breaking Games,Game Accessory,127,2558.72,-86.02,-17.99,2454.71,131.51,2586.22
The Big Box of Magic,Breaking Games,Game,46,1879.53,-27.97,-39.99,1811.57,108.57,1920.14
Dwellings of Eldervale - Exclusive Game Mat,Breaking Games,Game Accessory,28,1884.71,-52.01,-64.99,1767.71,106.42,1874.13
MIXTAPE,Breaking Games,Game,83,1680.0,-30.0,-20.0,1630.0,103.39,1733.39
Dwellings of Eldervale - Minotaur Mercenary Mini Expansion,Breaking Games,Game Accessory,135,1368.63,-48.95,-18.98,1300.7,69.68,1370.38
Dwellings of Eldervale - Shapeshifter Mercenary Mini Expansion,Breaking Games,Game Accessory,134,1368.63,-48.0,-26.97,1293.66,67.51,1361.17
Expancity | Family Strategy City Building Game | 2-4 Players,Breaking Games,Game,21,1260.0,-54.0,0.0,1206.0,66.8,1272.8
Dwellings of Eldervale - Oracle Hex Tile,Breaking Games,Game Accessory,178,1258.2,-40.46,-12.58,1205.16,64.83,1269.99
We're Doomed: Meritocracy Expansion Pack | Party Game | 4-12 Players,Breaking Games,Game,45,959.52,-21.98,-59.97,877.57,55.76,933.33
Letter Tycoon,Breaking Games,Game,32,825.0,-7.5,-25.0,792.5,40.64,833.14
Hypothetically Fun,Breaking Games,Game,28,700.0,0.0,0.0,700.0,53.55,753.55
Pocket Dungeon Quest,Breaking Games,Game,27,675.0,-12.5,0.0,662.5,24.91,687.41
Billionaire Banshee,Breaking Games,Game,20,700.0,0.0,-200.0,500.0,34.99,534.99
Klask (First Edition),Breaking Games,Game,9,550.0,-15.0,-90.0,445.0,21.96,466.96
Rise of Tribes: Beast and Bronze Expansion (Base Game Required),Breaking Games,Game,14,350.0,-10.02,0.0,339.98,16.01,355.99
Dwellings of Eldervale -  Frost Giant Miniature with Bifröst Bridge Hex Tile,Breaking Games,Game Accessory,43,343.57,-7.19,0.0,336.38,15.28,351.66
Flick Wars: Deluxe Edition,Breaking Games,Game,4,319.96,0.0,0.0,319.96,20.34,340.3
Trellis,Breaking Games,Game,13,325.0,-12.5,0.0,312.5,15.02,327.52
The Game of 49 | Family Friendly Strategy Board Game | 2-5 Players,Breaking Games,Game,18,360.0,-52.0,0.0,308.0,16.31,324.31
Top That Toast,Breaking Games,Game,14,280.0,-4.0,0.0,276.0,19.26,295.26
"Keep Calm! | Hilarious Party Game for Friends and Family | Ideal for Game Night | Ages 17+, 3-8 Players",Breaking Games,Game,11,275.0,-7.5,0.0,267.5,17.96,285.46
Master Thief,Breaking Games,Game,18,270.0,-12.0,0.0,258.0,18.07,276.07
Rise of Tribes: The Vul'Keth Invasion Expansion (Base Game Required),Breaking Games,Game,18,259.8,-7.77,-25.98,226.05,11.9,237.95
Billionaire Banshee - Expansion #1,Breaking Games,Game,14,210.0,-1.5,0.0,208.5,12.77,221.27
Suddenly Drunk's Box of Bad Ideas,Breaking Games,Game,9,311.29,-5.0,-91.65,214.64,6.4,221.04
Rise of Tribes - Standard Edition,Breaking Games,Game,4,200.0,0.0,0.0,200.0,15.12,215.12
Shadow*Kitty | Family-Friendly Set Collection Board Game | 3-8 Players,Breaking Games,Game,8,200.0,-5.0,0.0,195.0,11.27,206.27
Rise of Tribes - Deluxe Upgrade (Base Game Required),Breaking Games,Game,8,200.0,-5.02,0.0,194.98,10.06,205.04
Political Animals,Breaking Games,game,5,175.0,0.0,0.0,175.0,13.01,188.01
Flick Wars - Tabletop Dexterity Combat Game with 3D Terrain,Breaking Games,Game,3,179.97,0.0,0.0,179.97,7.65,187.62
Asking For Trobils | Worker Placement Strategy Game | 2-7 Players,Breaking Games,Game,4,220.65,-4.5,-40.65,175.5,8.88,184.38
Circular Reasoning - The Well of Power,Breaking Games,Game,7,175.0,-2.5,0.0,172.5,10.48,182.98
Pocket Dungeon Quest: Don't Go Alone Expansion,Breaking Games,Game,17,170.0,-4.0,0.0,166.0,8.75,174.75
Boomtown Bandits,Breaking Games,Game,5,180.0,-3.0,-30.0,147.0,8.79,155.79
Aura,Breaking Games,Game,6,150.0,-5.0,0.0,145.0,7.24,152.24
Nanobugs® - Microbes with Attitude Card Collection,Breaking Games,Game,6,150.0,-5.0,0.0,145.0,6.5,151.5
Fake News,Breaking Games,Game,7,140.0,0.0,0.0,140.0,8.53,148.53
Dwellings of Eldervale - Mother of Dragons Miniature,Breaking Games,Game Accessory,18,143.82,-3.99,0.0,139.83,7.87,147.7
Convert: The Game,Breaking Games,Game,4,120.0,-3.0,0.0,117.0,9.12,126.12
Suddenly Stoned,Breaking Games,Game,12,117.85,-3.0,0.0,114.85,6.5,121.35
Rise of Tribes: BONUS Hex Tile Set (Base Game Required),Breaking Games,Game,11,119.88,-3.99,-9.99,105.9,4.37,110.27
Slap .45  | Family Party Game | 3-7 Players,Breaking Games,Game,5,100.0,0.0,0.0,100.0,8.01,108.01
Mansplaining | Family Party Card Game | 2+ Players,Breaking Games,Game,4,125.0,0.0,-25.0,100.0,5.38,105.38
Poop: Brown Bag Combo | Family Friendly Card Game | 2-10 Players,Breaking Games,Game,5,100.0,-2.0,0.0,98.0,4.68,102.68
POOP: The Game,Breaking Games,Game,10,120.0,-3.01,-20.0,96.99,4.27,101.26
CACA: El Juego | Family Friendly Card Game | 2-5 Players,Breaking Games,Game,10,100.0,-3.0,0.0,97.0,3.5,100.5
Asking for Trobils Metal Coin Upgrade Pack,Breaking Games,,9,99.03,0.0,-9.03,90.0,3.73,93.73
Asking for Trobils Kickstarter Bonus Items,Breaking Games,,6,103.54,-1.5,-13.54,88.5,4.5,93.0
Real Life Travel Bingo | Family Party Game | 2+ Players,Breaking Games,Game,9,90.0,-3.0,0.0,87.0,4.13,91.13
Asking For Trobils: The Big Box,Breaking Games,Game,6,103.54,-1.5,-13.54,88.5,2.06,90.56
Suddenly Drunk: Hardcore Expansion,Breaking Games,Game,9,114.54,-1.0,-26.68,86.86,3.57,90.43
Order of Invention,Breaking Games,Game,6,90.0,-3.0,0.0,87.0,2.77,89.77
Rise of Tribes: The Mesa Hex Tile (Base Game Required),Breaking Games,Game Accessory,12,90.87,-2.79,-6.99,81.09,4.17,85.26
Little Diablo Un-shut-up-able Toy,Breaking Games,Toy,2,79.98,0.0,0.0,79.98,4.8,84.78
The Stars Align,Breaking Games,Game,5,75.0,-1.5,0.0,73.5,4.43,77.93
Moonquake Escape,Breaking Games,Game,3,75.0,-2.51,0.0,72.49,3.83,76.32
Suddenly Drunk: Booster Pack,Breaking Games,Game,14,82.25,-0.5,-13.32,68.43,4.98,73.41
Stripes | Family-Friendly Pattern Recognition Card Games | 2-6 Players,Breaking Games,Game,7,70.0,-2.0,0.0,68.0,4.04,72.04
Suddenly Drunk: Sexy Expansion,Breaking Games,Game,7,94.53,-1.0,-26.67,66.86,3.57,70.43
Pairs: Wild West,Breaking Games,Game,7,62.0,0.0,0.0,62.0,3.73,65.73
Word Shuffle,Breaking Games,Game,10,150.0,-90.0,0.0,60.0,5.33,65.33
Asking For Trobils: Travelers Ship Package #2,Breaking Games,Game,6,69.03,-1.0,-9.03,59.0,2.99,61.99
Asking For Trobils: Bounty Hunter Ship Package #3,Breaking Games,Game,6,69.03,-1.0,-9.03,59.0,2.17,61.17
Asking For Trobils: Scoundrels Ship Package #1,Breaking Games,Game,6,69.04,-1.0,-9.04,59.0,2.17,61.17
Asking For Trobils: Companions,Breaking Games,Game,3,78.07,-2.0,-18.07,58.0,2.75,60.75
Asking For Trobils: Trobil Makers,Breaking Games,Game,3,78.07,-2.0,-18.07,58.0,2.75,60.75
POOP: The Game - Party Bundle,Breaking Games,Game,2,54.0,0.0,0.0,54.0,1.69,55.69
Someecards: The Game,Breaking Games,,2,50.0,0.0,0.0,50.0,3.9,53.9
Dolly's Bookworm,Breaking Games,,2,50.0,0.0,0.0,50.0,3.38,53.38
Mobscenity,Breaking Games,Game,5,50.0,0.0,0.0,50.0,3.38,53.38
Flick Wars: Super Epic Play Mat,Breaking Games,Game,1,50.0,0.0,0.0,50.0,3.0,53.0
Friendshipping! Postcards,Breaking Games,Gift,2,50.0,-2.5,0.0,47.5,3.01,50.51
Suddenly Drunk: Gross Expansion,Breaking Games,Game,5,74.54,-1.0,-26.68,46.86,1.15,48.01
Billionaire Banshee: Sexy Foil Pack,Breaking Games,Game,8,40.0,0.0,0.0,40.0,3.19,43.19
Real Life Holiday Bingo,Breaking Games,Game,4,40.0,-2.0,0.0,38.0,2.85,40.85
The Mandela Effect Game,Breaking Games,Game,4,50.0,-3.0,-10.0,37.0,3.3,40.3
Infinite Jonathans,Breaking Games,Game,2,40.0,-2.0,0.0,38.0,1.67,39.67
Sparkle*Kitty Quantum Pack,Breaking Games,Game,4,32.0,0.0,0.0,32.0,2.5,34.5
Match Plus,Breaking Games,Game,2,30.0,0.0,0.0,30.0,1.2,31.2
POOP: The Game - Over-Flowing Brown Bag Bundle,Breaking Games,Game,1,27.0,0.0,0.0,27.0,1.71,28.71
Re-Extinction,Breaking Games,Game,1,25.0,0.0,0.0,25.0,1.88,26.88
ADJitation,Breaking Games,Game,1,25.0,0.0,0.0,25.0,1.55,26.55
Sparkle*Kitty: Blank Words Pack Expansion,Breaking Games,Game,3,24.0,0.0,0.0,24.0,1.92,25.92
Sparkle*Kitty Adventure Pack Expansion,Breaking Games,Game,3,24.0,0.0,0.0,24.0,1.92,25.92
POOP: Kawaii Edition | Family Friendly Card Game | 2-5 Players,Breaking Games,Game,2,20.0,0.0,0.0,20.0,1.91,21.91
POOP: Public Restroom Edition | Family Friendly Card Game | 2-5 Players,Breaking Games,Game,2,20.0,0.0,0.0,20.0,1.91,21.91
Mobscenity: Dirty Word Deck,Breaking Games,Game,4,20.0,0.0,0.0,20.0,1.01,21.01
Spin The Dreidel,Breaking Games,Game,1,20.0,0.0,0.0,20.0,0.74,20.74
Keep Calm: Expansion One,Breaking Games,Game,2,20.0,-1.0,0.0,19.0,0.9,19.9
Sparkle*Kitty: Team Tokens Pack Expansion,Breaking Games,Game,3,15.0,0.0,0.0,15.0,1.2,16.2
Measurement Toolbox,Breaking Games,Game,1,10.0,0.0,0.0,10.0,0.7,10.7
Swear Jar,Breaking Games,Game,1,10.0,0.0,0.0,10.0,0.0,10.0
Sparkle*Kitty Princess Party Pack,Breaking Games,Game Accessory,1,7.99,0.0,0.0,7.99,0.6,8.59
Sparkle*Kitty Princess Palette Card,Breaking Games,Game,2,4.0,0.0,0.0,4.0,0.31,4.31
Replacement Parts - DNPR,Breaking Games,Game Accessory,20,0.0,0.0,0.0,0.0,0.0,0.0
